"Timestamp","Which region of the US are you from?","How do you pronounce Reese's?"
"2018/12/10 2:12:35 PM EST","Northeast","Rees-EES"
"2018/12/10 2:35:35 PM EST","West","Rees-IS"
"2018/12/10 2:35:45 PM EST","West","Rees-IS"
"2018/12/10 2:36:16 PM EST","Northeast","Rees-IS"
"2018/12/10 2:36:20 PM EST","Northeast","Rees-EES"
"2018/12/10 2:37:07 PM EST","West","Rees-IS"
"2018/12/10 2:37:28 PM EST","Midwest","Rees-EES"
"2018/12/10 2:39:28 PM EST","Midwest","Rees-IS"
"2018/12/10 2:39:50 PM EST","Northeast","Rees-EES"
"2018/12/10 2:40:39 PM EST","South","Rees-EES"
"2018/12/10 2:42:52 PM EST","Northeast","Rees-IS"
"2018/12/10 2:48:06 PM EST","Northeast","Rees-IS"
"2018/12/10 2:51:23 PM EST","Northeast","Rees-IS"
"2018/12/10 2:52:18 PM EST","Northeast","Rees-IS"
"2018/12/10 2:54:16 PM EST","South","Rees-EES"
"2018/12/10 2:56:05 PM EST","Northeast","Rees-EES"
"2018/12/10 2:59:21 PM EST","West","Rees-IS"
"2018/12/10 2:59:58 PM EST","South","Rees-EES"
"2018/12/10 3:01:58 PM EST","West","Rees-IS"
"2018/12/10 3:02:16 PM EST","West","Rees-IS"
"2018/12/10 3:03:52 PM EST","South","Rees-EES"
"2018/12/10 3:04:13 PM EST","Northeast","Rees-EES"
"2018/12/10 3:06:25 PM EST","Northeast","Rees-IS"
"2018/12/10 3:06:36 PM EST","Northeast","Rees-EES"
"2018/12/10 3:07:11 PM EST","Northeast","Rees-EES"
"2018/12/10 3:07:16 PM EST","Northeast","Rees-EES"
"2018/12/10 3:07:51 PM EST","Northeast","Rees-EES"
"2018/12/10 3:08:05 PM EST","Northeast","Rees-EES"
"2018/12/10 3:08:16 PM EST","Northeast","Rees-EES"
"2018/12/10 3:09:18 PM EST","Northeast","Rees-EES"
"2018/12/10 3:09:48 PM EST","South","Rees-EES"
"2018/12/10 3:09:51 PM EST","Northeast","Rees-EES"
"2018/12/10 3:10:15 PM EST","Northeast","Rees-EES"
"2018/12/10 3:10:22 PM EST","South","Rees-IS"
"2018/12/10 3:11:19 PM EST","West","Rees-IS"
"2018/12/10 3:12:51 PM EST","Northeast","Rees- Ess but Delaware is not in the south"
"2018/12/10 3:12:57 PM EST","South","Rees-IS"
"2018/12/10 3:13:19 PM EST","West","Rees-EES"
"2018/12/10 3:14:09 PM EST","Northeast","Rees-EES"
"2018/12/10 3:14:37 PM EST","Northeast","Rees-IS"
"2018/12/10 3:15:51 PM EST","Northeast","Ree-sees"
"2018/12/10 3:16:34 PM EST","Northeast","Rees-EES"
"2018/12/10 3:16:35 PM EST","Northeast","Rees-EES"
"2018/12/10 3:17:37 PM EST","Northeast","Rees-EES"
"2018/12/10 3:17:45 PM EST","Northeast","Rees-EES"
"2018/12/10 3:18:32 PM EST","Northeast","Rees-EES"
"2018/12/10 3:19:11 PM EST","South","Rees-IS"
"2018/12/10 3:21:38 PM EST","South","Rees-EES"
"2018/12/10 3:24:05 PM EST","South","Rees-EES"
"2018/12/10 3:24:26 PM EST","Northeast","Rees-EES"
"2018/12/10 3:24:56 PM EST","Northeast","Rees-EES"
"2018/12/10 3:26:32 PM EST","Northeast","Rees-IS"
"2018/12/10 3:26:33 PM EST","Northeast","Rees-EES"
"2018/12/10 3:27:39 PM EST","South","Rees-EES"
"2018/12/10 3:27:56 PM EST","West","Rees-EES"
"2018/12/10 3:28:58 PM EST","West","Rees-IS"
"2018/12/10 3:29:19 PM EST","Northeast","Rees-IS"
"2018/12/10 3:30:28 PM EST","Midwest","Rees-EES"
"2018/12/10 3:30:51 PM EST","Northeast","Rees-EES"
"2018/12/10 3:32:26 PM EST","South","Rees-EES"
"2018/12/10 3:33:22 PM EST","South","Rees-IS"
"2018/12/10 3:34:23 PM EST","Northeast","Rees-IS"
"2018/12/10 3:34:53 PM EST","Northeast","Rees-EES"
"2018/12/10 3:36:31 PM EST","South","Rees-EES"
"2018/12/10 3:36:47 PM EST","South","Rees-IS"
"2018/12/10 3:36:48 PM EST","Northeast","Rees-EES"
"2018/12/10 3:36:57 PM EST","Northeast","Rees-IS"
"2018/12/10 3:39:10 PM EST","Midwest","Rees-EES"
"2018/12/10 3:40:10 PM EST","Midwest","Rees-IS"
"2018/12/10 3:41:10 PM EST","South","It depends on the product: i say Rees-IS pieces, but Rees-EES cups"
"2018/12/10 3:41:34 PM EST","Northeast","Rees-EES"
"2018/12/10 3:41:56 PM EST","South","Rees-IS"
"2018/12/10 3:42:01 PM EST","Northeast","Rees-EES"
"2018/12/10 3:42:16 PM EST","Northeast","Rees-EES"
"2018/12/10 3:43:40 PM EST","Northeast","Rees-IS"
"2018/12/10 3:43:42 PM EST","Midwest","Rees-EES"
"2018/12/10 3:43:52 PM EST","South","Rees-IS"
"2018/12/10 3:43:54 PM EST","Northeast","Rees-EES"
"2018/12/10 3:44:07 PM EST","Northeast","Rees-IS"
"2018/12/10 3:45:34 PM EST","South","reesYEET"
"2018/12/10 3:45:43 PM EST","South","Rees-IS"
"2018/12/10 3:45:46 PM EST","South","Rees-EES"
"2018/12/10 3:47:24 PM EST","South","Rees-EES"
"2018/12/10 3:47:35 PM EST","South","Rees-EES"
"2018/12/10 3:49:12 PM EST","Northeast","Rees-IS"
"2018/12/10 3:50:33 PM EST","Northeast","Rees-IS"
"2018/12/10 3:51:19 PM EST","South","Rees-IS"
"2018/12/10 3:52:50 PM EST","South","Rees-EES"
"2018/12/10 3:53:27 PM EST","Northeast","Rees-EES"
"2018/12/10 3:53:40 PM EST","Northeast","Rees-EES"
"2018/12/10 3:54:49 PM EST","Northeast","Rees-EES"
"2018/12/10 3:55:04 PM EST","Northeast","Rees-EES"
"2018/12/10 3:56:30 PM EST","South","Rees-IS"
"2018/12/10 3:58:47 PM EST","Northeast","Rees-IS"
"2018/12/10 3:59:11 PM EST","South","Rees-IS"
"2018/12/10 3:59:20 PM EST","West","Rees-EES"
"2018/12/10 4:00:06 PM EST","Northeast","Rees-IS"
"2018/12/10 4:00:06 PM EST","Northeast","Rees-EES"
"2018/12/10 4:09:20 PM EST","South","Rees-EES"
"2018/12/10 4:11:07 PM EST","South","Rees-IS"
"2018/12/10 4:12:57 PM EST","South","Rees-EES"
"2018/12/10 4:15:23 PM EST","Northeast","Rees-IS"
"2018/12/10 4:22:28 PM EST","Northeast","Rees-EES"
"2018/12/10 4:25:50 PM EST","Midwest","Rees-EES"
"2018/12/10 4:26:37 PM EST","Midwest","Rees-EES"
"2018/12/10 4:28:50 PM EST","Northeast","Rees-IS"
"2018/12/10 4:30:58 PM EST","Northeast","Rees-EES"
"2018/12/10 4:31:21 PM EST","Northeast","Rees-IS"
"2018/12/10 4:36:01 PM EST","South","Rees-IS"
"2018/12/10 4:36:19 PM EST","Northeast","Rees-EES"
"2018/12/10 4:36:26 PM EST","West","Rees-EES"
"2018/12/10 4:40:29 PM EST","Midwest","Rees-IS"
"2018/12/10 4:40:47 PM EST","Midwest","Rees-IS"
"2018/12/10 4:40:57 PM EST","Midwest","Rees-EES"
"2018/12/10 4:41:09 PM EST","Midwest","Rees-IS"
"2018/12/10 4:41:18 PM EST","Midwest","Rees-IS"
"2018/12/10 4:41:27 PM EST","Midwest","Rees-EES"
"2018/12/10 4:43:37 PM EST","Midwest","Rees-EES"
"2018/12/10 4:44:56 PM EST","West","Rees-IS"
"2018/12/10 4:45:31 PM EST","West","Rees-IS"
"2018/12/10 4:45:42 PM EST","South","Rees-EES"
"2018/12/10 4:47:55 PM EST","West","Rees-IS"
"2018/12/10 4:48:50 PM EST","West","Rees-IS"
"2018/12/10 4:50:26 PM EST","South","Rees-IS"
"2018/12/10 4:51:38 PM EST","Northeast","Rees-EES"
"2018/12/10 4:51:49 PM EST","Northeast","Rees-IS"
"2018/12/10 4:52:51 PM EST","West","Rees-EES"
"2018/12/10 4:53:36 PM EST","South","Rees-IS"
"2018/12/10 4:54:47 PM EST","Northeast","Rees-EES"
"2018/12/10 4:55:12 PM EST","South","Rees-EES"
"2018/12/10 4:55:32 PM EST","West","Rees-IS"
"2018/12/10 4:55:46 PM EST","Northeast","Rees-IS"
"2018/12/10 4:57:05 PM EST","Northeast","Rees-IS"
"2018/12/10 4:57:26 PM EST","West","Rees-IS"
"2018/12/10 4:58:01 PM EST","Northeast","Rees-IS"
"2018/12/10 5:01:59 PM EST","Northeast","Rees-IS"
"2018/12/10 5:02:10 PM EST","Northeast","Rees-EES when it’s by itself but Rees-is when I say Reese’s peanut butter cup"
"2018/12/10 5:04:55 PM EST","Midwest","Rees-IS"
"2018/12/10 5:05:14 PM EST","West","Rees-IS"
"2018/12/10 5:05:40 PM EST","South","Rees-IS"
"2018/12/10 5:06:07 PM EST","West","Rees-IS"
"2018/12/10 5:07:50 PM EST","Northeast","Rees-IS"
"2018/12/10 5:08:16 PM EST","West","Rees-EES"
"2018/12/10 5:09:03 PM EST","West","Rees-IS"
"2018/12/10 5:11:24 PM EST","West","Rees-IS"
"2018/12/10 5:11:25 PM EST","South","Rees-EES"
"2018/12/10 5:13:43 PM EST","West","Rees-IS"
"2018/12/10 5:15:04 PM EST","Northeast","rEEs-EEs"
"2018/12/10 5:15:34 PM EST","South","Rees-IS"
"2018/12/10 5:17:03 PM EST","Northeast","Rees-EES"
"2018/12/10 5:17:38 PM EST","West","Rees-IS"
"2018/12/10 5:17:45 PM EST","Northeast","Rees-EES"
"2018/12/10 5:17:56 PM EST","Northeast","Rees-EES"
"2018/12/10 5:17:58 PM EST","West","Rees-IS"
"2018/12/10 5:18:18 PM EST","Northeast","Rees-EES"
"2018/12/10 5:18:55 PM EST","South","Rees-IS"
"2018/12/10 5:19:06 PM EST","Northeast","Rees-EES"
"2018/12/10 5:26:01 PM EST","Northeast","Rees-IS"
"2018/12/10 5:26:53 PM EST","Midwest","Rees-EES"
"2018/12/10 5:27:05 PM EST","Midwest","Rees-EES"
"2018/12/10 5:27:07 PM EST","West","Rees-IS"
"2018/12/10 5:29:35 PM EST","West","Rees-IS"
"2018/12/10 5:34:16 PM EST","West","Rees-IS"
"2018/12/10 5:35:09 PM EST","Northeast","Rees-IS"
"2018/12/10 5:35:33 PM EST","West","Rees-IS"
"2018/12/10 5:35:36 PM EST","West","Rees-IS"
"2018/12/10 5:36:51 PM EST","South","Rees-IS"
"2018/12/10 5:39:00 PM EST","Northeast","Rees-EES"
"2018/12/10 5:39:14 PM EST","Northeast","Rees-IS"
"2018/12/10 5:41:34 PM EST","West","Rees-IS"
"2018/12/10 5:41:52 PM EST","Northeast","Rees-ith"
"2018/12/10 5:43:33 PM EST","Northeast","Rees-EES"
"2018/12/10 5:44:06 PM EST","Northeast","Rees-IS"
"2018/12/10 5:44:25 PM EST","Northeast","Rees-EES"
"2018/12/10 5:47:07 PM EST","West","Rees-IS"
"2018/12/10 5:47:32 PM EST","Northeast","Rees-IS"
"2018/12/10 5:48:28 PM EST","West","Rees-IS"
"2018/12/10 5:48:42 PM EST","West","Rees-IS"
"2018/12/10 5:50:06 PM EST","South","I say Rees-is, but I acknowledge that it is supposed to be Reese-ees"
"2018/12/10 5:52:51 PM EST","Northeast","Rees-EES"
"2018/12/10 5:54:25 PM EST","West","Rees-EES"
"2018/12/10 5:57:46 PM EST","West","Rees-IS"
"2018/12/10 6:00:59 PM EST","South","Rees-IS"
"2018/12/10 6:01:31 PM EST","Northeast","Rees-IS"
"2018/12/10 6:02:18 PM EST","South","Rees-EES"
"2018/12/10 6:02:54 PM EST","Northeast","Rees-EES"
"2018/12/10 6:03:13 PM EST","West","Rees-IS"
"2018/12/10 6:03:31 PM EST","West","Rees-IS"
"2018/12/10 6:03:38 PM EST","West","Rees-IS"
"2018/12/10 6:06:04 PM EST","South","Rees-IS"
"2018/12/10 6:08:51 PM EST","South","Rees-EES"
"2018/12/10 6:09:50 PM EST","Northeast","Rees-IS"
"2018/12/10 6:12:49 PM EST","Northeast","Rees-IS"
"2018/12/10 6:18:12 PM EST","Northeast","Rees-IS"
"2018/12/10 6:23:14 PM EST","Northeast","Rees-IS"
"2018/12/10 6:24:25 PM EST","Northeast","Rees-EES"
"2018/12/10 6:26:28 PM EST","Northeast","Rees-IS"
"2018/12/10 6:28:57 PM EST","Northeast","Rees-EES"
"2018/12/10 6:30:54 PM EST","South","Rease like grease"
"2018/12/10 6:31:12 PM EST","Northeast","Rees-IS"
"2018/12/10 6:31:27 PM EST","Northeast","Rees-EES"
"2018/12/10 6:31:44 PM EST","Northeast","Rees-EES"
"2018/12/10 6:31:53 PM EST","Northeast","Rees-EES"
"2018/12/10 6:33:39 PM EST","Northeast","REE SIZ"
"2018/12/10 6:39:11 PM EST","Northeast","Rees-IS"
"2018/12/10 6:39:16 PM EST","South","Rees-IS"
"2018/12/10 6:39:59 PM EST","Northeast","Rees-EES"
"2018/12/10 6:46:08 PM EST","South","Rees-EES"
"2018/12/10 6:47:05 PM EST","West","Rees-IS"
"2018/12/10 6:47:34 PM EST","South","Rees-IS"
"2018/12/10 6:51:21 PM EST","Northeast","Rees-EES"
"2018/12/10 6:52:40 PM EST","South","REES-is"
"2018/12/10 6:59:06 PM EST","West","Rees-IS"
"2018/12/10 6:59:10 PM EST","Northeast","Rees-IS"
"2018/12/10 7:00:10 PM EST","Midwest","Rees-IS"
"2018/12/10 7:01:57 PM EST","Northeast","Rees-IS"
"2018/12/10 7:04:43 PM EST","Northeast","Rees-EES"
"2018/12/10 7:04:52 PM EST","Northeast","Rees-EES"
"2018/12/10 7:09:04 PM EST","West","Rees-EES"
"2018/12/10 7:15:21 PM EST","South","Rees-IS"
"2018/12/10 7:15:36 PM EST","Northeast","Rees-EES"
"2018/12/10 7:16:11 PM EST","Northeast","Rees-EES"
"2018/12/10 7:18:38 PM EST","West","Rees-IS"
"2018/12/10 7:20:45 PM EST","South","Rees-IS"
"2018/12/10 7:27:23 PM EST","Midwest","Rees-IS"
"2018/12/10 7:35:25 PM EST","Northeast","Rees-IS"
"2018/12/10 7:36:04 PM EST","West","Rees-IS"
"2018/12/10 7:38:13 PM EST","Northeast","Rees-EES"
"2018/12/10 7:42:15 PM EST","South","Rees-EES"
"2018/12/10 7:43:35 PM EST","West","Rees-IS"
"2018/12/10 7:46:12 PM EST","Northeast","Rees-EES"
"2018/12/10 7:49:05 PM EST","West","Rees-IS"
"2018/12/10 7:50:37 PM EST","Northeast","Rees-IS"
"2018/12/10 7:51:37 PM EST","Northeast","Rees-EES"
"2018/12/10 7:52:44 PM EST","Midwest","Rees-EES"
"2018/12/10 7:54:15 PM EST","South","Rees-IS"
"2018/12/10 8:03:58 PM EST","Midwest","Rees-EES"
"2018/12/10 8:06:26 PM EST","Northeast","Rees-EES"
"2018/12/10 8:12:16 PM EST","West","Rees-EES"
"2018/12/10 8:14:33 PM EST","Northeast","Rees-EES"
"2018/12/10 8:15:37 PM EST","South","Ree-C'S"
"2018/12/10 8:21:14 PM EST","Northeast","Rees-IS"
"2018/12/10 8:22:36 PM EST","South","Rees-EES"
"2018/12/10 8:31:27 PM EST","Midwest","either"